32;Petrucio Bittencourt;petruciobittencourt@lockbin.com;null;null\/null\/null 
30;Silverio Elias;silverioelias@tutanota.com;null;null\/null\/null 
27;Brigida Bilk;brigidabilk@r7.com;null;null\/null\/null 
8;Lismara Bittencourt;lismarabittencourt@outlook.com;null;null\/null\/null 
135;Marcos Amigo;marcosamigo@globo.com;null;null\/null\/null 
54;Margarete Pinheiro;margaretepinheiro@outlook.com;null;null\/null\/null 
504;Thelma Rechiafilho;thelmarechiafilho@lockbin.com;null;null\/null\/null 
32;Nayara Soteli;nayarasoteli@gmail.com;null;null\/null\/null 
288;Ivonete Nóbrega;ivonetenóbrega@mail.yandex.com;null;null\/null\/null 
180;Wallace Nunes;wallacenunes@lockbin.com;null;null\/null\/null 
231;Katherina Abueear;katherinaabueear@tutanota.com;null;null\/null\/null 
972;Sante Sá;santesá@hotmail.com;null;null\/null\/null 
26;Norma Vanroas;normavanroas@gmail.com;null;null\/null\/null 
56;Gil Machado;gilmachado@tutanota.com;null;null\/null\/null 
360;Ilário Stupp;iláriostupp@r7.com;null;null\/null\/null 
640;Gioconda Veiga;giocondaveiga@r7.com;null;null\/null\/null 
918;Pamela Schiestl;pamelaschiestl@r7.com;null;null\/null\/null 
324;Edimercia Waldrich;edimerciawaldrich@mail.ru;null;null\/null\/null 
114;Ziraldo Entre;ziraldoentre@ig.com.br;null;null\/null\/null 
1120;Lenora Rios;lenorarios@ig.com.br;null;null\/null\/null 
588;Mariana Morais;marianamorais@globo.com;null;null\/null\/null 
770;Max Hinckel;maxhinckel@terra.com.br;null;null\/null\/null 
184;Giancarlo Borba;giancarloborba@hotmail.com;null;null\/null\/null 
288;Odila Hartkopfff;odilahartkopfff@r7.com;null;null\/null\/null 
500;Alceu FermÖhlen;alceufermÖhlen@gawab.com;null;null\/null\/null 
390;Josefina Almeida;josefinaalmeida@ig.com.br;null;null\/null\/null 
756;Isaias Stadnick;isaiasstadnick@mail.aol.com;null;null\/null\/null 
980;Eneida NienckÖtter;eneidanienckÖtter@hotmail.com;null;null\/null\/null 
1218;Marisa Migliolli;marisamigliolli@ig.com.br;null;null\/null\/null 
240;Yan Silva;yansilva@live.com;null;null\/null\/null 
124;Narciso Schwartz;narcisoschwartz@mail.aol.com;null;null\/null\/null 
1440;Ulisses Nienchotter;ulissesnienchotter@terra.com.br;null;null\/null\/null 
2376;Lúcia Faust;lúciafaust@lockbin.com;null;null\/null\/null 
612;Aryana Carmo;aryanacarmo@yahoo.com;null;null\/null\/null 
1960;Alex Cardoso;alexcardoso@live.com;null;null\/null\/null 
2304;Paulete Santiago;pauletesantiago@gmail.com;null;null\/null\/null 
888;Vinicius RÖdig;viniciusrÖdig@gmail.com;null;null\/null\/null 
228;Massimo Kiefer;massimokiefer@mail.yandex.com;null;null\/null\/null 
585;Nadia Uchoa;nadiauchoa@r7.com;null;null\/null\/null 
1200;Theseo Jahm;theseojahm@live.com;null;null\/null\/null 
328;Jair Scholze;jairscholze@mail.yandex.com;null;null\/null\/null 
252;Julio Moretto;juliomoretto@live.com;null;null\/null\/null 
2064;Mario Figueiroa;mariofigueiroa@bigstring.com;null;null\/null\/null 
396;Gilvan Hochapfel;gilvanhochapfel@outlook.com;null;null\/null\/null 
2430;Gabriela Klaumann;gabrielaklaumann@r7.com;null;null\/null\/null 
1288;Augusta Texeira;augustatexeira@mail.ru;null;null\/null\/null 
235;Mohsen Roling;mohsenroling@gmail.com;null;null\/null\/null 
864;Olivier Dama;olivierdama@tutanota.com;null;null\/null\/null 
98;Anat Faller;anatfaller@terra.com.br;null;null\/null\/null 
1800;Brigite Orsi;brigiteorsi@yahoo.com;null;null\/null\/null 
408;Odilson Trocat;odilsontrocat@zoho.com;null;null\/null\/null 
416;Adelinda Sampaulo;adelindasampaulo@r7.com;null;null\/null\/null 
318;Kédma Fonseca;kédmafonseca@hotmail.com;null;null\/null\/null 
432;Ivana Falqueto;ivanafalqueto@terra.com.br;null;null\/null\/null 
2640;Pia Bayer;piabayer@ig.com.br;null;null\/null\/null 
168;Brad Denk;braddenk@live.com;null;null\/null\/null 
3192;Zarifa Stupp;zarifastupp@zoho.com;null;null\/null\/null 
522;Wesley Silveira;wesleysilveira@gawab.com;null;null\/null\/null 
1239;Isis Althoff;isisalthoff@mail.yandex.com;null;null\/null\/null 
960;Joaquim Espindola;joaquimespindola@live.com;null;null\/null\/null 
488;Gian Jame;gianjame@mail.ru;null;null\/null\/null 
248;Zilda Faust;zildafaust@live.com;null;null\/null\/null 
189;Constantino Starosky;constantinostarosky@gawab.com;null;null\/null\/null 
2560;Mantovaine Hermesmeyer;mantovainehermesmeyer@hotmail.com;null;null\/null\/null 
1820;Anastácia Mandel;anastáciamandel@mail.aol.com;null;null\/null\/null 
3234;Zeus Felisberto;zeusfelisberto@gmail.com;null;null\/null\/null 
603;Camila Schlickmann;camilaschlickmann@zoho.com;null;null\/null\/null 
3672;Patricia Outeiro;patriciaouteiro@mail.ru;null;null\/null\/null 
1725;Peter Allein;peterallein@gawab.com;null;null\/null\/null 
1960;Maristela SobrenomedamÃe;maristelasobrenomedamÃe@ig.com.br;null;null\/null\/null 
426;Cristian Shcerer;cristianshcerer@gawab.com;null;null\/null\/null 
4032;Firmo Felber;firmofelber@mail.ru;null;null\/null\/null 
3066;Alba Barros;albabarros@hotmail.com;null;null\/null\/null 
370;Aida Kraus;aidakraus@gmail.com;null;null\/null\/null 
900;Chris Silva;chrissilva@globo.com;null;null\/null\/null 
912;Marino Saraiva;marinosaraiva@ig.com.br;null;null\/null\/null 
5544;Clarissa Barra;clarissabarra@zoho.com;null;null\/null\/null 
1560;Murilo Dorneles;murilodorneles@tutanota.com;null;null\/null\/null 
2370;Renato Jansen;renatojansen@tutanota.com;null;null\/null\/null 
1440;Nair Freiberger;nairfreiberger@mail.aol.com;null;null\/null\/null 
4536;Nancy Holanda;nancyholanda@hotmail.com;null;null\/null\/null 
2870;Jurema Roncalio;juremaroncalio@live.com;null;null\/null\/null 
2988;Eleonora Jochen;eleonorajochen@lockbin.com;null;null\/null\/null 
2016;Karen JÖncke;karenjÖncke@mail.aol.com;null;null\/null\/null 
2295;Kamilla Kaal;kamillakaal@live.com;null;null\/null\/null 
1548;Simone MommjÚnior;simonemommjÚnior@outlook.com;null;null\/null\/null 
1044;Amâncio Sobrenome;amânciosobrenome@tutanota.com;null;null\/null\/null 
352;Luana Castro;luanacastro@gmail.com;null;null\/null\/null 
1424;Felipe Onning;felipeonning@lockbin.com;null;null\/null\/null 
1080;Carmelo Farias;carmelofarias@outlook.com;null;null\/null\/null 
1274;Carol Gomes;carolgomes@bigstring.com;null;null\/null\/null 
3312;Petrúcia Hinkel;petrúciahinkel@bigstring.com;null;null\/null\/null 
5952;Heitor Scarione;heitorscarione@mail.aol.com;null;null\/null\/null 
658;Margarete Kamph;margaretekamph@mail.yandex.com;null;null\/null\/null 
665;Wander Cardoso;wandercardoso@mail.ru;null;null\/null\/null 
2592;Aura Junkers;aurajunkers@gmail.com;null;null\/null\/null 
1358;Venâncio Hammes;venânciohammes@yahoo.com;null;null\/null\/null 
196;Helio Grah;heliograh@outlook.com;null;null\/null\/null 
6237;Erenilda Soens;erenildasoens@outlook.com;null;null\/null\/null 
600;Brayan Gesserfilho;brayangesserfilho@globo.com;null;null\/null\/null 
7272;Iuri Sousa;iurisousa@live.com;null;null\/null\/null 
1224;Gracia Krauze;graciakrauze@inbox.com;null;null\/null\/null 
7416;Luciane Otto;lucianeotto@mail.yandex.com;null;null\/null\/null 
3744;Gilvan Justi;gilvanjusti@lockbin.com;null;null\/null\/null 
1890;Charlote Barretofilho;charlotebarretofilho@gmail.com;null;null\/null\/null 
636;Chris Pinto;chrispinto@terra.com.br;null;null\/null\/null 
2889;Paula Melo;paulamelo@lockbin.com;null;null\/null\/null 
1944;Maciel Welter;macielwelter@mail.yandex.com;null;null\/null\/null 
2616;Tunia Keppler;tuniakeppler@inbox.com;null;null\/null\/null 
330;Klaus Marian;klausmarian@outlook.com;null;null\/null\/null 
1998;Carmelo Santarita;carmelosantarita@lockbin.com;null;null\/null\/null 
2800;Carlito Hoeller;carlitohoeller@yahoo.com;null;null\/null\/null 
791;Tiana Berndt;tianaberndt@live.com;null;null\/null\/null 
2850;Nairon Reis;naironreis@tutanota.com;null;null\/null\/null 
4600;Aldete Hillebrandt;aldetehillebrandt@gmail.com;null;null\/null\/null 
5220;Homero Kaspers;homerokaspers@mail.yandex.com;null;null\/null\/null 
702;Johanes Linhares;johaneslinhares@live.com;null;null\/null\/null 
944;Badia Schlickmann;badiaschlickmann@outlook.com;null;null\/null\/null 
1904;Ursula Kalbusch;ursulakalbusch@mail.yandex.com;null;null\/null\/null 
1440;Debora Longen;deboralongen@mail.ru;null;null\/null\/null 
4840;Néia Waldrch;néiawaldrch@tutanota.com;null;null\/null\/null 
732;Samir Ramos;samirramos@bigstring.com;null;null\/null\/null 
6888;Oraides Dreer;oraidesdreer@mail.ru;null;null\/null\/null 
744;Josefina Médici;josefinamédici@outlook.com;null;null\/null\/null 
4500;Amir Beppler;amirbeppler@terra.com.br;null;null\/null\/null 
3780;Dimas Felettidesouza;dimasfelettidesouza@gmail.com;null;null\/null\/null 
7112;Fany Nack;fanynack@inbox.com;null;null\/null\/null 
6912;Aimée Barros;aiméebarros@live.com;null;null\/null\/null 
1935;Anete Widemann;anetewidemann@r7.com;null;null\/null\/null 
910;Leila Rechia;leilarechia@hotmail.com;null;null\/null\/null 
3144;Teodoro Pascal;teodoropascal@gawab.com;null;null\/null\/null 
4752;Paula Krieger;paulakrieger@inbox.com;null;null\/null\/null 
7448;Dercio Pacheco;derciopacheco@terra.com.br;null;null\/null\/null 
3350;Elias Dias;eliasdias@r7.com;null;null\/null\/null 
3240;Marilena Krieger;marilenakrieger@inbox.com;null;null\/null\/null 
816;Pia Lobo;pialobo@protonmail.com;null;null\/null\/null 
1096;Bernardo Bentodasilva;bernardobentodasilva@inbox.com;null;null\/null\/null 
5520;Alexandra Chaves;alexandrachaves@mail.ru;null;null\/null\/null 
834;Dalia Kallfelz;daliakallfelz@ig.com.br;null;null\/null\/null 
5880;Joaquim Exaltação;joaquimexaltação@r7.com;null;null\/null\/null 
5922;Paola Benke;paolabenke@mail.aol.com;null;null\/null\/null 
852;Dulcineia Schiochett;dulcineiaschiochett@protonmail.com;null;null\/null\/null 
8008;Caique Fragafilho;caiquefragafilho@globo.com;null;null\/null\/null 
5760;Matilde Kusma;matildekusma@gawab.com;null;null\/null\/null 
2320;Odorico Roberge;odoricoroberge@live.com;null;null\/null\/null 
5110;Abelardo Faller;abelardofaller@r7.com;null;null\/null\/null 
7938;Solange Ribeiropereira;solangeribeiropereira@globo.com;null;null\/null\/null 
4144;Carol Leitão;carolleitão@outlook.com;null;null\/null\/null 
8046;Cassia Maciel;cassiamaciel@gmail.com;null;null\/null\/null 
1800;Olivier Schiraus;olivierschiraus@lockbin.com;null;null\/null\/null 
4077;Marciano Kramer;marcianokramer@hotmail.com;null;null\/null\/null 
4864;Arthur Cordova;arthurcordova@gmail.com;null;null\/null\/null 
1224;Alessandro Jarratchesky;alessandrojarratchesky@r7.com;null;null\/null\/null 
1848;Wald Exaltação;waldexaltação@ig.com.br;null;null\/null\/null 
930;Emanuele Back;emanueleback@gawab.com;null;null\/null\/null 
11232;Durval Bergler;durvalbergler@mail.aol.com;null;null\/null\/null 
2826;Ligia Encarnação;ligiaencarnação@hotmail.com;null;null\/null\/null 
2844;Vasco Berndt;vascoberndt@mail.ru;null;null\/null\/null 
7791;Caio BrÜggmann;caiobrÜggmann@globo.com;null;null\/null\/null 
2400;Angela Jonkersjonckers;angelajonkersjonckers@gawab.com;null;null\/null\/null 
644;Yasson Schuhmacher;yassonschuhmacher@live.com;null;null\/null\/null 
1458;Zarifa StÜepp;zarifastÜepp@outlook.com;null;null\/null\/null 
2934;Aldo Leitão;aldoleitão@inbox.com;null;null\/null\/null 
6560;Geilsa Renken;geilsarenken@tutanota.com;null;null\/null\/null 
4455;Pedrita Barros;pedritabarros@r7.com;null;null\/null\/null 
1494;Rodney WermÖhlen;rodneywermÖhlen@mail.yandex.com;null;null\/null\/null 
2672;Aira Pellenz;airapellenz@hotmail.com;null;null\/null\/null 
2016;Inês Fellippe;inêsfellippe@zoho.com;null;null\/null\/null 
6084;Katherina Wassen;katherinawassen@inbox.com;null;null\/null\/null 
2040;Elaine BÜckler;elainebÜckler@gawab.com;null;null\/null\/null 
5985;Amalia Carvalhal;amaliacarvalhal@yahoo.com;null;null\/null\/null 
1376;Egle Carmo;eglecarmo@live.com;null;null\/null\/null 
1557;Jurema Schmidt;juremaschmidt@gmail.com;null;null\/null\/null 
9744;Thayná Esper;thaynáesper@bigstring.com;null;null\/null\/null 
3150;Marcos Parente;marcosparente@mail.ru;null;null\/null\/null 
1056;Fausto Coelho;faustocoelho@zoho.com;null;null\/null\/null 
5310;Bernadete Bolsonaro;bernadetebolsonaro@ig.com.br;null;null\/null\/null 
534;Iolanda Figo;iolandafigo@ig.com.br;null;null\/null\/null 
1074;Helga Eulina;helgaeulina@mail.aol.com;null;null\/null\/null 
6480;Petrucio Maiochi;petruciomaiochi@mail.aol.com;null;null\/null\/null 
4344;Isabel Furtado;isabelfurtado@r7.com;null;null\/null\/null 
2548;Kelly LehmkuhljÚnior;kellylehmkuhljÚnior@bigstring.com;null;null\/null\/null 
8235;Felinto Rassweiler;felintorassweiler@lockbin.com;null;null\/null\/null 
4968;Paula Hering;paulahering@r7.com;null;null\/null\/null 
5550;Heraldo Hasckel;heraldohasckel@r7.com;null;null\/null\/null 
11718;Bela Hammes;belahammes@outlook.com;null;null\/null\/null 
10472;Sibele Ramalho;sibeleramalho@mail.yandex.com;null;null\/null\/null 
12032;Abigail Costa;abigailcosta@protonmail.com;null;null\/null\/null 
2835;Elton Rahn;eltonrahn@hotmail.com;null;null\/null\/null 
3990;Jucilene Schneider;jucileneschneider@protonmail.com;null;null\/null\/null 
1146;Telcilene Zanan;telcilenezanan@lockbin.com;null;null\/null\/null 
3840;Brigite Britojr.;brigitebritojr.@r7.com;null;null\/null\/null 
6755;Lourival Castro;lourivalcastro@inbox.com;null;null\/null\/null 
194;Teodora Massa;teodoramassa@bigstring.com;null;null\/null\/null 
4680;Felipe Staloch;felipestaloch@mail.yandex.com;null;null\/null\/null 
5880;Fauzer SchÜsller;fauzerschÜsller@terra.com.br;null;null\/null\/null 
1970;Ney Schweitzer;neyschweitzer@outlook.com;null;null\/null\/null 
1782;Firmo Santos;firmosantos@globo.com;null;null\/null\/null 
14328;Jeremias Carolina;jeremiascarolina@gawab.com;null;null\/null\/null 
1400;Elisa BrÜggemann;elisabrÜggemann@zoho.com;null;null\/null\/null 
1407;Luce Popper;lucepopper@mail.yandex.com;null;null\/null\/null 
4242;Luiza Scherer;luizascherer@bigstring.com;null;null\/null\/null 
2842;Mariano Gasparoto;marianogasparoto@mail.aol.com;null;null\/null\/null 
14688;Brisa Hora;brisahora@protonmail.com;null;null\/null\/null 
11070;Charles Roza;charlesroza@live.com;null;null\/null\/null 
1442;Estela Maiochi;estelamaiochi@gawab.com;null;null\/null\/null 
2070;Doroty Fragafilho;dorotyfragafilho@zoho.com;null;null\/null\/null 
1664;Anete Bepe;anetebepe@gawab.com;null;null\/null\/null 
836;Stefania Texeira;stefaniatexeira@hotmail.com;null;null\/null\/null 
3150;Manoel Yongue;manoelyongue@ig.com.br;null;null\/null\/null 
2954;Felicio Kammer;feliciokammer@zoho.com;null;null\/null\/null 
848;Belinda Hortmann;belindahortmann@mail.yandex.com;null;null\/null\/null 
213;Zora Ehrhardt;zoraehrhardt@mail.ru;null;null\/null\/null 
9630;Alfeu Bispo;alfeubispo@protonmail.com;null;null\/null\/null 
10320;Zenaide Scheidt;zenaidescheidt@gmail.com;null;null\/null\/null 
6048;Lisley Brand;lisleybrand@mail.yandex.com;null;null\/null\/null 
1736;Vinicius Rohden;viniciusrohden@lockbin.com;null;null\/null\/null 
5232;Massimo Schwartz;massimoschwartz@live.com;null;null\/null\/null 
6132;Cleopatra Pimenta;cleopatrapimenta@yahoo.com;null;null\/null\/null 
1320;Luiza Stupp;luizastupp@yahoo.com;null;null\/null\/null 
9282;Marcia Reitz;marciareitz@tutanota.com;null;null\/null\/null 
222;Yanna Roza;yannaroza@terra.com.br;null;null\/null\/null 
2007;Eduardo Carapunarlo;eduardocarapunarlo@mail.aol.com;null;null\/null\/null 
14112;Sibele Santarittaneto;sibelesantarittaneto@inbox.com;null;null\/null\/null 
7200;Olivier Kipfer;olivierkipfer@outlook.com;null;null\/null\/null 
6780;Mantovaine Hassmann;mantovainehassmann@gawab.com;null;null\/null\/null 
2043;Teodoro Gerent;teodorogerent@zoho.com;null;null\/null\/null 
8208;Anibal Schuhmacher;anibalschuhmacher@gawab.com;null;null\/null\/null 
1374;Marilda França;marildafrança@zoho.com;null;null\/null\/null 
1380;Percival Boaventura;percivalboaventura@inbox.com;null;null\/null\/null 
2079;Cirilo Evangelista;ciriloevangelista@mail.ru;null;null\/null\/null 
2088;Adeilce Schuch;adeilceschuch@gmail.com;null;null\/null\/null 
14912;Aurelio SensjÚnior;aureliosensjÚnior@bigstring.com;null;null\/null\/null 
12636;Eva Papanicolau;evapapanicolau@terra.com.br;null;null\/null\/null 
940;Lineu Rosa;lineurosa@mail.aol.com;null;null\/null\/null 
11564;Ester Alflen;esteralflen@outlook.com;null;null\/null\/null 
8295;Diego Bernardes;diegobernardes@mail.yandex.com;null;null\/null\/null 
3808;Cristian Desconhecido;cristiandesconhecido@live.com;null;null\/null\/null 
478;Fabiane Minich;fabianeminich@yahoo.com;null;null\/null\/null 
2880;Marina Mattos;marinamattos@globo.com;null;null\/null\/null 
3615;Alécya Barreto;alécyabarreto@lockbin.com;null;null\/null\/null 
5082;Louise Stachinski;louisestachinski@lockbin.com;null;null\/null\/null 
729;Conceição Pessoa;conceiçãopessoa@inbox.com;null;null\/null\/null 
2196;Antero Manarchi;anteromanarchi@bigstring.com;null;null\/null\/null 
1960;Elke Timmler;elketimmler@mail.ru;null;null\/null\/null 
11070;Alba Bernardes;albabernardes@mail.ru;null;null\/null\/null 
1482;Cacilda Leitão;cacildaleitão@inbox.com;null;null\/null\/null 
248;Caiã Seixas;caiãseixas@live.com;null;null\/null\/null 
996;Fabio DellÊnetto;fabiodellÊnetto@gmail.com;null;null\/null\/null 
13500;Benito Ferreira;benitoferreira@yahoo.com;null;null\/null\/null 
7530;Theophilo Feider;theophilofeider@mail.ru;null;null\/null\/null 
2520;Giacomo Fritzen;giacomofritzen@mail.ru;null;null\/null\/null 
9108;Elvira Alfaro;elviraalfaro@hotmail.com;null;null\/null\/null 
10668;Silmara Fagundes;silmarafagundes@r7.com;null;null\/null\/null 
10200;Ícaro Schmitt;Ícaroschmitt@lockbin.com;null;null\/null\/null 
2048;Gilda Bastos;gildabastos@outlook.com;null;null\/null\/null 
1799;Ludicea Costafilho;ludiceacostafilho@live.com;null;null\/null\/null 
1806;Araci Amorim;araciamorim@tutanota.com;null;null\/null\/null 
7252;Dafnee Malta;dafneemalta@mail.ru;null;null\/null\/null 
520;Raissa Freyn;raissafreyn@zoho.com;null;null\/null\/null 
2349;Geraldo Giacomelli;geraldogiacomelli@ig.com.br;null;null\/null\/null 
5502;Stephanie Volpi;stephanievolpi@zoho.com;null;null\/null\/null 
6575;Carol Lewen;carollewen@gmail.com;null;null\/null\/null 
16632;Berta Britojr.;bertabritojr.@lockbin.com;null;null\/null\/null 
265;Juscelino Bastos;juscelinobastos@gawab.com;null;null\/null\/null 
1064;Otelo MÖss;otelomÖss@hotmail.com;null;null\/null\/null 
3738;Rubens Nascimento;rubensnascimento@ig.com.br;null;null\/null\/null 
268;Edimercia Juttel;edimerciajuttel@mail.yandex.com;null;null\/null\/null 
538;Sabine Kocian;sabinekocian@ig.com.br;null;null\/null\/null 
5670;Kleiton Kaspers;kleitonkaspers@yahoo.com;null;null\/null\/null 
1355;Katherina Detzel;katherinadetzel@mail.yandex.com;null;null\/null\/null 
6528;Amin Ottiquir;aminottiquir@outlook.com;null;null\/null\/null 
10920;Jennifer Beretta;jenniferberetta@lockbin.com;null;null\/null\/null 
822;Vivaldo Kuessner;vivaldokuessner@terra.com.br;null;null\/null\/null 
2475;David ParedesjÚnior;davidparedesjÚnior@gmail.com;null;null\/null\/null 
5520;Livio Amorim;livioamorim@lockbin.com;null;null\/null\/null 
1662;Lolita Buhrbrinker;lolitabuhrbrinker@outlook.com;null;null\/null\/null 
17514;Umbelino Dama;umbelinodama@tutanota.com;null;null\/null\/null 
3348;Martin DamÁsio;martindamÁsio@mail.aol.com;null;null\/null\/null 
10080;Frederico Alves;fredericoalves@bigstring.com;null;null\/null\/null 
5058;Alan Valim;alanvalim@lockbin.com;null;null\/null\/null 
3948;Elida Gonçalves;elidagonçalves@mail.ru;null;null\/null\/null 
9905;Juscelino Rech;juscelinorech@mail.yandex.com;null;null\/null\/null 
11360;Renato Coutinho;renatocoutinho@mail.aol.com;null;null\/null\/null 
1140;Ozeias Valer;ozeiasvaler@inbox.com;null;null\/null\/null 
20592;Fenicia DamÁsio;feniciadamÁsio@bigstring.com;null;null\/null\/null 
2296;Orfeu Schiapati;orfeuschiapati@mail.yandex.com;null;null\/null\/null 
5760;Yuri Voltolini;yurivoltolini@terra.com.br;null;null\/null\/null 
14161;Dirceu Becher;dirceubecher@mail.ru;null;null\/null\/null 
7250;Antonio Vilela;antoniovilela@inbox.com;null;null\/null\/null 
5238;Iracema Junckes;iracemajunckes@bigstring.com;null;null\/null\/null 
2920;Jesus Kavaco;jesuskavaco@mail.aol.com;null;null\/null\/null 
13185;Umberto Kopich;umbertokopich@hotmail.com;null;null\/null\/null 
4704;Rogerio Abueear;rogerioabueear@r7.com;null;null\/null\/null 
8850;Nair Porto;nairporto@lockbin.com;null;null\/null\/null 
4440;Tarcisio Ferraz;tarcisioferraz@hotmail.com;null;null\/null\/null 
4752;Fabrícia Wilwert;fabríciawilwert@inbox.com;null;null\/null\/null 
6258;Milene Aragão;milenearagão@mail.yandex.com;null;null\/null\/null 
6279;Lucivane Amaral;lucivaneamaral@hotmail.com;null;null\/null\/null 
7500;Imaculada Meurer;imaculadameurer@lockbin.com;null;null\/null\/null 
6020;Zenilde Klasen;zenildeklasen@bigstring.com;null;null\/null\/null 
4530;Cécil Cunha;cécilcunha@bigstring.com;null;null\/null\/null 
4848;Zenir Bortolon;zenirbortolon@gmail.com;null;null\/null\/null 
1824;Martina Ottiquir;martinaottiquir@live.com;null;null\/null\/null 
12810;Dinorah Batista;dinorahbatista@globo.com;null;null\/null\/null 
14688;Jaqueline Bado;jaquelinebado@gawab.com;null;null\/null\/null 
2763;Alcir Figueiroa;alcirfigueiroa@mail.aol.com;null;null\/null\/null 
1848;Giulliane Jendigk;giullianejendigk@r7.com;null;null\/null\/null 
12978;América Haskel;américahaskel@mail.aol.com;null;null\/null\/null 
19530;Almir Fila;almirfila@zoho.com;null;null\/null\/null 
3732;Debora Junqueira;deborajunqueira@gmail.com;null;null\/null\/null 
1560;Dalita Carioni;dalitacarioni@globo.com;null;null\/null\/null 
7512;Leonardo Koch;leonardokoch@tutanota.com;null;null\/null\/null 
1570;Pedro Hang;pedrohang@protonmail.com;null;null\/null\/null 
7875;Inacio Marquez;inaciomarquez@lockbin.com;null;null\/null\/null 
10112;Otavio ScarionejÚnior;otavioscarionejÚnior@tutanota.com;null;null\/null\/null 
7608;Bonifácio Bado;bonifáciobado@protonmail.com;null;null\/null\/null 
6678;Jairo Yongue;jairoyongue@hotmail.com;null;null\/null\/null 
7656;Marciano Nantes;marcianonantes@r7.com;null;null\/null\/null 
2560;Alcina Kniss;alcinakniss@mail.yandex.com;null;null\/null\/null 
15729;Luzia Vasconcelos;luziavasconcelos@tutanota.com;null;null\/null\/null 
6762;Noemia Doerner;noemiadoerner@gawab.com;null;null\/null\/null 
12920;Ruth Bastos;ruthbastos@mail.aol.com;null;null\/null\/null 
2916;Kristen Pimentel;kristenpimentel@live.com;null;null\/null\/null 
23400;Alexsander Bado;alexsanderbado@outlook.com;null;null\/null\/null 
11410;Luana Chaplin;luanachaplin@mail.ru;null;null\/null\/null 
327;Bianca Galvão;biancagalvão@mail.yandex.com;null;null\/null\/null 
17712;Aécio Parente;aécioparente@mail.yandex.com;null;null\/null\/null 
20727;Josué Anchieta;josuéanchieta@zoho.com;null;null\/null\/null 
1980;Milton Zirchen;miltonzirchen@yahoo.com;null;null\/null\/null 
8937;Marta Ruzinsky;martaruzinsky@zoho.com;null;null\/null\/null 
11952;Tarcisio Gouveia;tarcisiogouveia@terra.com.br;null;null\/null\/null 
11655;Augusta Scheinberg;augustascheinberg@bigstring.com;null;null\/null\/null 
4676;Elisabeth Gilz;elisabethgilz@mail.ru;null;null\/null\/null 
10720;Raquel Medeiros;raquelmedeiros@inbox.com;null;null\/null\/null 
4032;Reginaldo Voytena;reginaldovoytena@mail.yandex.com;null;null\/null\/null 
7077;Gerd Mertes;gerdmertes@lockbin.com;null;null\/null\/null 
27378;Vitoria Juttel;vitoriajuttel@terra.com.br;null;null\/null\/null 
18984;Juliana Kremmer;julianakremmer@globo.com;null;null\/null\/null 
2040;Carlito Pascoal;carlitopascoal@protonmail.com;null;null\/null\/null 
24552;Luciane Carraro;lucianecarraro@mail.ru;null;null\/null\/null 
5130;Anastácia Muniz;anastáciamuniz@r7.com;null;null\/null\/null 
2401;Lucas Venturi;lucasventuri@live.com;null;null\/null\/null 
1376;Laylla Nascimento;layllanascimento@outlook.com;null;null\/null\/null 
1725;Marina Wolf;marinawolf@globo.com;null;null\/null\/null 
9688;Gesualdo Paiva;gesualdopaiva@hotmail.com;null;null\/null\/null 
8328;Isolda Antunes;isoldaantunes@gawab.com;null;null\/null\/null 
12180;Cacilda Milacci;cacildamilacci@terra.com.br;null;null\/null\/null 
6282;Rebeca Wolf;rebecawolf@ig.com.br;null;null\/null\/null 
2100;Filomena FranÇa;filomenafranÇa@hotmail.com;null;null\/null\/null 
5265;Arlette Pensamento;arlettepensamento@r7.com;null;null\/null\/null 
2816;Yanna Sensneto;yannasensneto@outlook.com;null;null\/null\/null 
8472;Honorio Drosda;honoriodrosda@gmail.com;null;null\/null\/null 
5664;Orides Biankm;oridesbiankm@r7.com;null;null\/null\/null 
9940;Aisla Schaffer;aislaschaffer@lockbin.com;null;null\/null\/null 
4272;Ícaro Lansnaster;Ícarolansnaster@r7.com;null;null\/null\/null 
12495;Hanna Stuart;hannastuart@terra.com.br;null;null\/null\/null 
1790;Jeane Marchiniak;jeanemarchiniak@terra.com.br;null;null\/null\/null 
8616;Felicio Knoll;felicioknoll@outlook.com;null;null\/null\/null 
3240;Glaucia Azeredo;glauciaazeredo@ig.com.br;null;null\/null\/null 
1083;Betina Peçanha;betinapeçanha@yahoo.com;null;null\/null\/null 
2534;Mara Fachini;marafachini@globo.com;null;null\/null\/null 
11616;Marilda SchÜtz;marildaschÜtz@r7.com;null;null\/null\/null 
12740;Celso Peres;celsoperes@r7.com;null;null\/null\/null 
3285;Louise Jochem;louisejochem@globo.com;null;null\/null\/null 
2562;Yasmin Figo;yasminfigo@gmail.com;null;null\/null\/null 
1101;Olga Nienchotter;olganienchotter@inbox.com;null;null\/null\/null 
5152;Lucas Gocks;lucasgocks@live.com;null;null\/null\/null 
1845;Moises Iadocicco;moisesiadocicco@gawab.com;null;null\/null\/null 
7400;Aline Azeredo;alineazeredo@bigstring.com;null;null\/null\/null 
30051;Gian Oliveira;gianoliveira@bigstring.com;null;null\/null\/null 
17856;Próspera Mattes;prósperamattes@outlook.com;null;null\/null\/null 
13428;Andrew Freire;andrewfreire@yahoo.com;null;null\/null\/null 
23562;Joelmir Azambuja;joelmirazambuja@zoho.com;null;null\/null\/null 
1875;Sunny Justen;sunnyjusten@globo.com;null;null\/null\/null 
2256;Hector Zermianni;hectorzermianni@mail.ru;null;null\/null\/null 
30537;Aisla Motta;aislamotta@yahoo.com;null;null\/null\/null 
5292;Sofia Barden;sofiabarden@outlook.com;null;null\/null\/null 
7959;Hermano Vavassori;hermanovavassori@gmail.com;null;null\/null\/null 
2280;Anibal Furtuoso;anibalfurtuoso@tutanota.com;null;null\/null\/null 
3048;Xaquira Mandel;xaquiramandel@terra.com.br;null;null\/null\/null 
30942;Graziela JosÉ;grazielajosÉ@mail.ru;null;null\/null\/null 
7660;Petrúcia Salvador;petrúciasalvador@zoho.com;null;null\/null\/null 
10368;Vania Chaplin;vaniachaplin@live.com;null;null\/null\/null 
6160;Nelio Nercolini;nelionercolini@mail.aol.com;null;null\/null\/null 
31266;Heron Cachoeira;heroncachoeira@mail.aol.com;null;null\/null\/null 
10449;Ernani Ferretti;ernaniferretti@bigstring.com;null;null\/null\/null 
3104;Manoel Amorimneto;manoelamorimneto@protonmail.com;null;null\/null\/null 
6224;Yose Rebelo;yoserebelo@lockbin.com;null;null\/null\/null 
2730;Marisa Hering;marisahering@inbox.com;null;null\/null\/null 
18768;Pilar Schaeffer;pilarschaeffer@lockbin.com;null;null\/null\/null 
6272;Crigor Moreira;crigormoreira@mail.yandex.com;null;null\/null\/null 
17685;Felix Mendonça;felixmendonça@globo.com;null;null\/null\/null 
4728;Sueli Vasconcelos;suelivasconcelos@gawab.com;null;null\/null\/null 
3555;Ulpiano Debatin;ulpianodebatin@terra.com.br;null;null\/null\/null 
13860;Vicente Schwambach;vicenteschwambach@mail.yandex.com;null;null\/null\/null 
794;Evangelina Amorim;evangelinaamorim@protonmail.com;null;null\/null\/null 
12736;Sabrina Vilhena;sabrinavilhena@protonmail.com;null;null\/null\/null 
798;Sócrates Cachoeira;sócratescachoeira@tutanota.com;null;null\/null\/null 
2000;Martina Elly;martinaelly@r7.com;null;null\/null\/null 
7218;Benito Schefer;benitoschefer@live.com;null;null\/null\/null 
22512;Olímpia Porto;olímpiaporto@globo.com;null;null\/null\/null 
6045;João Alvarenga;joãoalvarenga@mail.yandex.com;null;null\/null\/null 
4848;Moacir Cachoeira;moacircachoeira@hotmail.com;null;null\/null\/null 
1620;Thales Stadnick;thalesstadnick@mail.aol.com;null;null\/null\/null 
19488;Constance Pessoa;constancepessoa@bigstring.com;null;null\/null\/null 
18315;Elen Schell;elenschell@mail.ru;null;null\/null\/null 
6528;Ladislau Kallfels;ladislaukallfels@lockbin.com;null;null\/null\/null 
3681;Beatriz Diasfigueiredo;beatrizdiasfigueiredo@tutanota.com;null;null\/null\/null 
26240;Giovani Lewen;giovanilewen@r7.com;null;null\/null\/null 
13152;Quirino Schmitz;quirinoschmitz@protonmail.com;null;null\/null\/null 
8652;Gilberto SensjÚnior;gilbertosensjÚnior@protonmail.com;null;null\/null\/null 
6195;Venâncio BerglerjÚnior;venâncioberglerjÚnior@gawab.com;null;null\/null\/null 
29808;Hercules Pauleto;herculespauleto@gawab.com;null;null\/null\/null 
1660;Zacarias Uribe;zacariasuribe@gawab.com;null;null\/null\/null 
29952;Gina Velasques;ginavelasques@lockbin.com;null;null\/null\/null 
3753;Fauzer Klann;fauzerklann@ig.com.br;null;null\/null\/null 
5852;Persia Camino;persiacamino@globo.com;null;null\/null\/null 
10056;Silverio Backes;silveriobackes@live.com;null;null\/null\/null 
3780;Dercio Hasckel;derciohasckel@inbox.com;null;null\/null\/null 
2526;Raul Terruel;raulterruel@inbox.com;null;null\/null\/null 
20256;Ursula Sousa;ursulasousa@mail.yandex.com;null;null\/null\/null 
17766;Yasmin SchÜrhaus;yasminschÜrhaus@tutanota.com;null;null\/null\/null 
5088;Erenilda Guthemberg;erenildaguthemberg@mail.aol.com;null;null\/null\/null 
13600;Antonio Ramires;antonioramires@tutanota.com;null;null\/null\/null 
4260;Alzira Jochen;alzirajochen@hotmail.com;null;null\/null\/null 
23058;Wanessa Nantes;wanessanantes@protonmail.com;null;null\/null\/null 
2140;Anastácia Schere;anastáciaschere@tutanota.com;null;null\/null\/null 
3003;Pablo Wolf;pablowolf@lockbin.com;null;null\/null\/null 
13760;Cauê Moreira;cauêmoreira@mail.aol.com;null;null\/null\/null 
2586;Olinda Rocio;olindarocio@inbox.com;null;null\/null\/null 
864;Kate Becsi;katebecsi@globo.com;null;null\/null\/null 
11691;Gladis Falópio;gladisfalópio@bigstring.com;null;null\/null\/null 
13888;Anthony Moro;anthonymoro@mail.ru;null;null\/null\/null 
435;Andressa Rassweiler;andressarassweiler@inbox.com;null;null\/null\/null 
872;Isabela Stolf;isabelastolf@mail.aol.com;null;null\/null\/null 
1311;Rafaela Hora;rafaelahora@gawab.com;null;null\/null\/null 
13140;Cleonice Dasilva;cleonicedasilva@bigstring.com;null;null\/null\/null 
1756;Rossélio Polli;rosséliopolli@live.com;null;null\/null\/null 
2640;Denise Martins;denisemartins@tutanota.com;null;null\/null\/null 
15435;Mariane Pinto;marianepinto@bigstring.com;null;null\/null\/null 
1768;Zora Knabben;zoraknabben@mail.ru;null;null\/null\/null 
886;Olavo Wiese;olavowiese@globo.com;null;null\/null\/null 
6216;Procopio Arndt;procopioarndt@gawab.com;null;null\/null\/null 
13350;Hilda Canella;hildacanella@zoho.com;null;null\/null\/null 
8028;Cristina Pauli;cristinapauli@mail.yandex.com;null;null\/null\/null 
18774;Adamastor Schreiber;adamastorschreiber@gawab.com;null;null\/null\/null 
7168;Vania Kuntze;vaniakuntze@lockbin.com;null;null\/null\/null 
17960;Erlaine Soares;erlainesoares@terra.com.br;null;null\/null\/null 
18900;Mayara Fagundes;mayarafagundes@gmail.com;null;null\/null\/null 
22099;Brigida Duarte;brigidaduarte@gmail.com;null;null\/null\/null 
2260;Jefferson Felber;jeffersonfelber@mail.yandex.com;null;null\/null\/null 
16308;Robson Sax;robsonsax@yahoo.com;null;null\/null\/null 
3632;Zelinda Botelho;zelindabotelho@tutanota.com;null;null\/null\/null 
910;Caetano Motta;caetanomotta@inbox.com;null;null\/null\/null 
3192;Olegário Suerttegaray;olegáriosuerttegaray@r7.com;null;null\/null\/null 
2742;Plinio Texeira;pliniotexeira@hotmail.com;null;null\/null\/null 
28854;Irineu Schmitt;irineuschmitt@yahoo.com;null;null\/null\/null 
25704;Adalberto Pasquim;adalbertopasquim@zoho.com;null;null\/null\/null 
6440;Bela Caminha;belacaminha@zoho.com;null;null\/null\/null 
8298;Gil Perardt;gilperardt@lockbin.com;null;null\/null\/null 
19404;Gina Bohun;ginabohun@mail.yandex.com;null;null\/null\/null 
25002;Kleiton Abromoviztfilho;kleitonabromoviztfilho@gawab.com;null;null\/null\/null 
6496;Zora Costa;zoracosta@globo.com;null;null\/null\/null 
12555;Lorraine Tomazine;lorrainetomazine@mail.aol.com;null;null\/null\/null 
13048;Urania Cruz;uraniacruz@live.com;null;null\/null\/null 
19614;Fabricio Stolf;fabriciostolf@tutanota.com;null;null\/null\/null 
3744;Alana Burk;alanaburk@mail.ru;null;null\/null\/null 
16884;Osório Trierweiler;osóriotrierweiler@gawab.com;null;null\/null\/null 
3760;Elida Klann;elidaklann@mail.aol.com;null;null\/null\/null 
11775;Jade Fernandes;jadefernandes@mail.yandex.com;null;null\/null\/null 
33984;Suzete Franzener;suzetefranzener@live.com;null;null\/null\/null 
9460;Candida Freitas;candidafreitas@live.com;null;null\/null\/null 
5688;Yolanda BrÜggemann;yolandabrÜggemann@gmail.com;null;null\/null\/null 
3800;Mayara Bentodasilva;mayarabentodasilva@zoho.com;null;null\/null\/null 
19040;Edvaldo Carapunarlo;edvaldocarapunarlo@gawab.com;null;null\/null\/null 
20034;Stefano Café;stefanocafé@lockbin.com;null;null\/null\/null 
14340;Aline Beistorf;alinebeistorf@globo.com;null;null\/null\/null 
4311;Xaquira LÜckmann;xaquiralÜckmann@terra.com.br;null;null\/null\/null 
23040;Pascoal Gilz;pascoalgilz@gmail.com;null;null\/null\/null 
8658;Miriam Cordeiro;miriamcordeiro@hotmail.com;null;null\/null\/null 
13014;Giulia Bay;giuliabay@tutanota.com;null;null\/null\/null 
4830;Washington Scharf;washingtonscharf@hotmail.com;null;null\/null\/null 
13552;Lúcia Xavier;lúciaxavier@mail.yandex.com;null;null\/null\/null 
13095;Lineu LeveckjÚnior;lineuleveckjÚnior@lockbin.com;null;null\/null\/null 
1944;Naiara Novac;naiaranovac@live.com;null;null\/null\/null 
23376;Diego Silveira;diegosilveira@terra.com.br;null;null\/null\/null 
39528;Aristoteles Bohnen;aristotelesbohnen@protonmail.com;null;null\/null\/null 
7335;Brigida Kataoka;brigidakataoka@lockbin.com;null;null\/null\/null 
7840;Thais Carolina;thaiscarolina@outlook.com;null;null\/null\/null 
4419;Zelia Faust;zeliafaust@yahoo.com;null;null\/null\/null 
4920;Theseo BlÄser;theseoblÄser@bigstring.com;null;null\/null\/null 
3944;Pierluigi Jendigk;pierluigijendigk@mail.yandex.com;null;null\/null\/null 
2470;Ed Pessoa;edpessoa@globo.com;null;null\/null\/null 
17820;Nelio Minich;neliominich@bigstring.com;null;null\/null\/null 
24304;Odair Hessmann;odairhessmann@tutanota.com;null;null\/null\/null 
35784;Eliseu Bilk;eliseubilk@inbox.com;null;null\/null\/null 
17928;Janaina Papanicolau;janainapapanicolau@gmail.com;null;null\/null\/null 
5988;Lesley Cross;lesleycross@lockbin.com;null;null\/null\/null 
12000;Antuérpia Kammers;antuérpiakammers@ig.com.br;null;null\/null\/null 
3006;Luciano Gilsa;lucianogilsa@live.com;null;null\/null\/null 
8032;Michel Stein;michelstein@hotmail.com;null;null\/null\/null 
13581;Jaimerina Noriler;jaimerinanoriler@mail.aol.com;null;null\/null\/null 
4032;Acácio Gasparello;acáciogasparello@gawab.com;null;null\/null\/null 
12120;Luigi FermÖhlen;luigifermÖhlen@outlook.com;null;null\/null\/null 
5060;Aristoteles Mattes;aristotelesmattes@inbox.com;null;null\/null\/null 
3042;Betina Paimfilho;betinapaimfilho@protonmail.com;null;null\/null\/null 
15240;Isaias Simas;isaiassimas@outlook.com;null;null\/null\/null 
22905;Odila Kuntz;odilakuntz@protonmail.com;null;null\/null\/null 
9180;Zelita Camões;zelitacamões@mail.yandex.com;null;null\/null\/null 
32193;Cristina Melz;cristinamelz@tutanota.com;null;null\/null\/null 
9216;Ismael Coradelli;ismaelcoradelli@protonmail.com;null;null\/null\/null 
5130;Anabelle Entre;anabelleentre@r7.com;null;null\/null\/null 
10280;Erminia Wamser;erminiawamser@tutanota.com;null;null\/null\/null 
1030;Téri Sampaulo;térisampaulo@zoho.com;null;null\/null\/null 
16512;Zyndal Gipp;zyndalgipp@gawab.com;null;null\/null\/null 
18612;Natasha Vanroas;natashavanroas@gawab.com;null;null\/null\/null 
27972;Reinaldo Fedrigo;reinaldofedrigo@outlook.com;null;null\/null\/null 
1557;Giulia Marchi;giuliamarchi@mail.ru;null;null\/null\/null 
10920;Iraídes Laranja;iraídeslaranja@gmail.com;null;null\/null\/null 
3647;Talita Cotrim;talitacotrim@tutanota.com;null;null\/null\/null 
3132;Nivaldo Dominoni;nivaldodominoni@ig.com.br;null;null\/null\/null 
28242;Madalena Iochen;madalenaiochen@gawab.com;null;null\/null\/null 
20960;Robson Vavassori;robsonvavassori@yahoo.com;null;null\/null\/null 
23625;Dan Staloch;danstaloch@live.com;null;null\/null\/null 
12624;Rubens Liz;rubensliz@zoho.com;null;null\/null\/null 
2635;Conrado Sacramento;conradosacramento@outlook.com;null;null\/null\/null 
19008;Antuérpia Clemente;antuérpiaclemente@mail.aol.com;null;null\/null\/null 
9522;Romero Mesquita;romeromesquita@r7.com;null;null\/null\/null 
4770;Ticiana Vilela;ticianavilela@yahoo.com;null;null\/null\/null 
22302;Wilma Riskalla;wilmariskalla@live.com;null;null\/null\/null 
33516;Patrick Prust;patrickprust@mail.yandex.com;null;null\/null\/null 
29848;Carol Moier;carolmoier@mail.ru;null;null\/null\/null 
12816;Geralda Ribas;geraldaribas@mail.ru;null;null\/null\/null 
5350;Hilda Cardoso;hildacardoso@tutanota.com;null;null\/null\/null 
24120;Domingos NienkÖtter;domingosnienkÖtter@mail.yandex.com;null;null\/null\/null 
18795;Julieta Chaves;julietachaves@mail.yandex.com;null;null\/null\/null 
8608;Horacio Onning;horacioonning@mail.ru;null;null\/null\/null 
13475;Aryana Moro;aryanamoro@r7.com;null;null\/null\/null 
9720;Dario Poeta;dariopoeta@gmail.com;null;null\/null\/null 
21640;Manoel Anna;manoelanna@outlook.com;null;null\/null\/null 
16260;Elida Muniz;elidamuniz@mail.ru;null;null\/null\/null 
30408;Eugenio Outeiro;eugenioouteiro@mail.yandex.com;null;null\/null\/null 
13056;Isaac Belarmino;isaacbelarmino@mail.yandex.com;null;null\/null\/null 
13080;Brenda Hochapfel;brendahochapfel@inbox.com;null;null\/null\/null 
19656;Vanessa Altamirano;vanessaaltamirano@yahoo.com;null;null\/null\/null 
4376;Fabíola Kreusch;fabíolakreusch@protonmail.com;null;null\/null\/null 
19180;Ivana Felisberta;ivanafelisberta@terra.com.br;null;null\/null\/null 
39528;Tunia Ottiquir;tuniaottiquir@bigstring.com;null;null\/null\/null 
39600;Augusta Bermudes;augustabermudes@tutanota.com;null;null\/null\/null 
11571;Ary Loeff;aryloeff@outlook.com;null;null\/null\/null 
30912;Yose Fonseca;yosefonseca@live.com;null;null\/null\/null 
2212;Rubens Naves;rubensnaves@ig.com.br;null;null\/null\/null 
34902;Glauco Coradelli;glaucocoradelli@hotmail.com;null;null\/null\/null 
4440;Sergio Kuipers;sergiokuipers@inbox.com;null;null\/null\/null 
4448;Erica Noriler;ericanoriler@zoho.com;null;null\/null\/null 
16710;Agnaldo Silva;agnaldosilva@gmail.com;null;null\/null\/null 
2232;Denise Adriana;deniseadriana@bigstring.com;null;null\/null\/null 
11180;Timoteo Fortunato;timoteofortunato@globo.com;null;null\/null\/null 
35840;Marcos Leme;marcosleme@mail.yandex.com;null;null\/null\/null 
10098;Igor Grosch;igorgrosch@gmail.com;null;null\/null\/null 
35968;Graziela Siementcoski;grazielasiementcoski@inbox.com;null;null\/null\/null 
30402;Saul Krapp;saulkrapp@bigstring.com;null;null\/null\/null 
35532;Pascoal Cestile;pascoalcestile@protonmail.com;null;null\/null\/null 
31640;Beatriz Zoccante;beatrizzoccante@inbox.com;null;null\/null\/null 
19810;Patrick Marchiniak;patrickmarchiniak@hotmail.com;null;null\/null\/null 
3402;Vanderleia Namorado;vanderleianamorado@ig.com.br;null;null\/null\/null 
15904;Manuela Solek;manuelasolek@outlook.com;null;null\/null\/null 
13656;Giancarlo Aguiar;giancarloaguiar@globo.com;null;null\/null\/null 
1140;Jennifer VieirajÚnior;jennifervieirajÚnior@ig.com.br;null;null\/null\/null 
3997;Cassio Alves;cassioalves@mail.aol.com;null;null\/null\/null 
16016;Dunia Jeremias;duniajeremias@globo.com;null;null\/null\/null 
22920;George Barni;georgebarni@gawab.com;null;null\/null\/null 
2296;Sebastião Juttell;sebastiãojuttell@zoho.com;null;null\/null\/null 
8050;Otacílio Procurado;otacílioprocurado@hotmail.com;null;null\/null\/null 
13824;Caetano Truppel;caetanotruppel@globo.com;null;null\/null\/null 
12117;Mariano Bentodasilva;marianobentodasilva@mail.yandex.com;null;null\/null\/null 
17340;Luciane Santos;lucianesantos@inbox.com;null;null\/null\/null 
4632;Anita Andrada;anitaandrada@inbox.com;null;null\/null\/null 
28420;Ulla Resner;ullaresner@r7.com;null;null\/null\/null 
1743;Aida Bermudes;aidabermudes@yahoo.com;null;null\/null\/null 
24444;Geilsa Bortoluzzi;geilsabortoluzzi@gawab.com;null;null\/null\/null 
24486;Lourival Paiva;lourivalpaiva@lockbin.com;null;null\/null\/null 
2336;Pilar SchÖll;pilarschÖll@outlook.com;null;null\/null\/null 
10530;Yuki Constant;yukiconstant@zoho.com;null;null\/null\/null 
16408;Anete SÁjÚnior;anetesÁjÚnior@gmail.com;null;null\/null\/null 
4696;Wendy Neves;wendyneves@terra.com.br;null;null\/null\/null 
14112;Adamastor DerÉnusson;adamastorderÉnusson@mail.ru;null;null\/null\/null 
23560;Beverly Prim;beverlyprim@bigstring.com;null;null\/null\/null 
47790;Adelinda Carneiro;adelindacarneiro@terra.com.br;null;null\/null\/null 
33096;Homero StÜepp;homerostÜepp@yahoo.com;null;null\/null\/null 
2368;Carmelo Lewen;carmelolewen@ig.com.br;null;null\/null\/null 
14232;Lourival Leme;lourivalleme@r7.com;null;null\/null\/null 
2970;Glória Asvila;glóriaasvila@protonmail.com;null;null\/null\/null 
10710;Ziraldo Iadocicco;ziraldoiadocicco@lockbin.com;null;null\/null\/null 
7152;Max Dias;maxdias@protonmail.com;null;null\/null\/null 
3582;Cintia Mess;cintiamess@mail.yandex.com;null;null\/null\/null 
26910;Erlaine Borges;erlaineborges@r7.com;null;null\/null\/null 
26955;Nelio Ravanelli;nelioravanelli@yahoo.com;null;null\/null\/null 
12600;Jean Gonzaga;jeangonzaga@tutanota.com;null;null\/null\/null 
28848;Pierpaulo Pensamento;pierpaulopensamento@live.com;null;null\/null\/null 
2408;Casimiro Longen;casimirolongen@gmail.com;null;null\/null\/null 
9045;Naiara Lange;naiaralange@gmail.com;null;null\/null\/null 
8456;Alessandro Gevaerdneto;alessandrogevaerdneto@mail.yandex.com;null;null\/null\/null 
4840;Bento Roncalio;bentoroncalio@lockbin.com;null;null\/null\/null 
21210;Adriana Bogo;adrianabogo@globo.com;null;null\/null\/null 
9712;Pedrina Fachinijunior;pedrinafachinijunior@mail.aol.com;null;null\/null\/null 
12768;Laila Batista;lailabatista@globo.com;null;null\/null\/null 
1218;Ubaldino Fernandes;ubaldinofernandes@bigstring.com;null;null\/null\/null 
9150;Pedrina CÂndido;pedrinacÂndido@bigstring.com;null;null\/null\/null 
7332;Graziela Coelho;grazielacoelho@lockbin.com;null;null\/null\/null 
16524;Bruno Trierweillerfilho;brunotrierweillerfilho@tutanota.com;null;null\/null\/null 
5517;Kátia Klettenberg;kátiaklettenberg@gmail.com;null;null\/null\/null 
49734;Yuso Waldrich;yusowaldrich@ig.com.br;null;null\/null\/null 
3075;Mayara Alencar;mayaraalencar@ig.com.br;null;null\/null\/null 
19712;Narciso Dubiela;narcisodubiela@lockbin.com;null;null\/null\/null 
8638;Perla Schere;perlaschere@inbox.com;null;null\/null\/null 
2472;Fany BÜttinger;fanybÜttinger@mail.yandex.com;null;null\/null\/null 
2476;Cláudia BlÄser;cláudiablÄser@gmail.com;null;null\/null\/null 
26040;Lauro Santiago;laurosantiago@ig.com.br;null;null\/null\/null 
15525;Angelo Silva;angelosilva@yahoo.com;null;null\/null\/null 
3732;Helmut Schweizer;helmutschweizer@yahoo.com;null;null\/null\/null 
3738;Benjamin Peradt;benjaminperadt@terra.com.br;null;null\/null\/null 
1872;Sebastião Dalmolin;sebastiãodalmolin@zoho.com;null;null\/null\/null 
11250;Alécya Aragão;alécyaaragão@bigstring.com;null;null\/null\/null 
40064;Wald Gevaerd;waldgevaerd@hotmail.com;null;null\/null\/null 
17556;Demétrio Kallfelz;demétriokallfelz@protonmail.com;null;null\/null\/null 
9420;Luiza Silvafilho;luizasilvafilho@globo.com;null;null\/null\/null 
25160;Alanis Moier;alanismoier@terra.com.br;null;null\/null\/null 
22680;Olga Dobranz;olgadobranz@zoho.com;null;null\/null\/null 
4417;Acácio Aleluia;acácioaleluia@outlook.com;null;null\/null\/null 
15168;Olímpia Blosfeld;olímpiablosfeld@lockbin.com;null;null\/null\/null 
20256;Haroldo Ribas;haroldoribas@globo.com;null;null\/null\/null 
7608;Sabrina Wiethorn;sabrinawiethorn@ig.com.br;null;null\/null\/null 
2540;Sioma Curado;siomacurado@bigstring.com;null;null\/null\/null 
4452;Jasmim Lemos;jasmimlemos@lockbin.com;null;null\/null\/null 
5096;Marco Bohun;marcobohun@zoho.com;null;null\/null\/null 
12760;Carole Putzer;caroleputzer@mail.aol.com;null;null\/null\/null 
5112;Stefania Schell;stefaniaschell@lockbin.com;null;null\/null\/null 
11520;Melayne Sehn;melaynesehn@bigstring.com;null;null\/null\/null 
1923;Dolores Bortoluzzi;doloresbortoluzzi@hotmail.com;null;null\/null\/null 
5136;Roberta Machado;robertamachado@zoho.com;null;null\/null\/null 
11574;Josué Pensamento;josuépensamento@gmail.com;null;null\/null\/null 
41216;Marinela BlÄser;marinelablÄser@gmail.com;null;null\/null\/null 
7740;Emil Rampinelli;emilrampinelli@tutanota.com;null;null\/null\/null 
40698;Paula Leite;paulaleite@outlook.com;null;null\/null\/null 
31703;Dominique Olica;dominiqueolica@zoho.com;null;null\/null\/null 
3888;Edna Schiapati;ednaschiapati@r7.com;null;null\/null\/null 
1298;Kédma Feliciano;kédmafeliciano@mail.yandex.com;null;null\/null\/null 
1950;Sheila Buss;sheilabuss@mail.aol.com;null;null\/null\/null 
13671;Larissa Ellard;larissaellard@bigstring.com;null;null\/null\/null 
3912;Iasmim Ferron;iasmimferron@mail.ru;null;null\/null\/null 
47016;Mateus Schiraus;mateusschiraus@outlook.com;null;null\/null\/null 
41856;Melania Klettenberg;melaniaklettenberg@mail.ru;null;null\/null\/null 
17685;Vicente Lemos;vicentelemos@globo.com;null;null\/null\/null 
27552;Chantal Brunelli;chantalbrunelli@terra.com.br;null;null\/null\/null 
27594;Quenia BrÖring;queniabrÖring@ig.com.br;null;null\/null\/null 
1974;Amadeu Rengel;amadeurengel@gmail.com;null;null\/null\/null 
41517;Guilhermino Seboldsobrinho;guilherminoseboldsobrinho@outlook.com;null;null\/null\/null 
27720;Nelio Alcântara;nelioalcântara@bigstring.com;null;null\/null\/null 
4627;Amalia Gerberfilho;amaliagerberfilho@r7.com;null;null\/null\/null 
1324;Chiara Eing;chiaraeing@zoho.com;null;null\/null\/null 
2652;Stephanie Alvespantoja;stephaniealvespantoja@tutanota.com;null;null\/null\/null 
13280;Viviane Selva;vivianeselva@mail.ru;null;null\/null\/null 
15960;Alessio Fragafilho;alessiofragafilho@zoho.com;null;null\/null\/null 
17982;Rebeca Vandresen;rebecavandresen@hotmail.com;null;null\/null\/null 
9338;Valentina Pitz;valentinapitz@lockbin.com;null;null\/null\/null 
42084;Odair Borba;odairborba@yahoo.com;null;null\/null\/null 
1338;Lenise Gerber;lenisegerber@hotmail.com;null;null\/null\/null 
20100;Ligia Franzer;ligiafranzer@lockbin.com;null;null\/null\/null 
6039;Janete Fioravante;janetefioravante@gmail.com;null;null\/null\/null 
28224;Marcel Leitão;marcelleitão@protonmail.com;null;null\/null\/null 
32304;Alexsander Fraga;alexsanderfraga@lockbin.com;null;null\/null\/null 
6066;David Krieger;davidkrieger@outlook.com;null;null\/null\/null 
10800;Lismara Zevedo;lismarazevedo@globo.com;null;null\/null\/null 
16224;Fabiano Borba;fabianoborba@ig.com.br;null;null\/null\/null 
677;Dario Adães;darioadães@gmail.com;null;null\/null\/null 
27120;Yole Reis;yolereis@outlook.com;null;null\/null\/null 
20370;Kate Orsi;kateorsi@zoho.com;null;null\/null\/null 
2040;Ney Evangelista;neyevangelista@terra.com.br;null;null\/null\/null 
14301;Franciely Ribas;francielyribas@globo.com;null;null\/null\/null 
14322;Camila Eli;camilaeli@ig.com.br;null;null\/null\/null 
6147;Lenemar Schiochet;lenemarschiochet@live.com;null;null\/null\/null 
36936;Malú Sofka;malúsofka@inbox.com;null;null\/null\/null 
8220;Jaime Mayer;jaimemayer@terra.com.br;null;null\/null\/null 
10290;Alana BÖing;alanabÖing@terra.com.br;null;null\/null\/null 
12366;Rodrigo EpifÂnio;rodrigoepifÂnio@mail.aol.com;null;null\/null\/null 
11008;Julia Senagaglia;juliasenagaglia@yahoo.com;null;null\/null\/null 
8268;Suzana Carapunarlo;suzanacarapunarlo@terra.com.br;null;null\/null\/null 
49680;Rogeria Stachinski;rogeriastachinski@yahoo.com;null;null\/null\/null 
19348;Pedrita Asevedo;pedritaasevedo@inbox.com;null;null\/null\/null 
8304;Indira Simas;indirasimas@gawab.com;null;null\/null\/null 
8316;Moacir Bot;moacirbot@outlook.com;null;null\/null\/null 
6246;Antonieta Fagundesneto;antonietafagundesneto@mail.yandex.com;null;null\/null\/null 
11120;Alfeu Schwartz;alfeuschwartz@inbox.com;null;null\/null\/null 
3480;Joselma Santaritta;joselmasantaritta@mail.aol.com;null;null\/null\/null 
20910;Bianca VincejÚnior;biancavincejÚnior@terra.com.br;null;null\/null\/null 
19544;Quenia Furtuoso;queniafurtuoso@yahoo.com;null;null\/null\/null 
14679;Sheila Dambros;sheiladambros@gawab.com;null;null\/null\/null 
22400;Enio Saramago;eniosaramago@gmail.com;null;null\/null\/null 
16824;Cleonir Eiseler;cleonireiseler@gmail.com;null;null\/null\/null 
44226;Ícaro Elly;Ícaroelly@gmail.com;null;null\/null\/null 
44289;Samuel Rochei;samuelrochei@lockbin.com;null;null\/null\/null 
22528;Odair Antunes;odairantunes@yahoo.com;null;null\/null\/null 
22560;Adamastor Zanon;adamastorzanon@inbox.com;null;null\/null\/null 
12708;Michel Wachholz;michelwachholz@tutanota.com;null;null\/null\/null 
16968;Haroldo Tavares;haroldotavares@globo.com;null;null\/null\/null 
22656;Romulo Bernardes;romulobernardes@mail.aol.com;null;null\/null\/null 
38286;Herbert Sampedro;herbertsampedro@outlook.com;null;null\/null\/null 
19880;Talia Guckert;taliaguckert@mail.ru;null;null\/null\/null 
17775;Eugenia Candida;eugeniacandida@gawab.com;null;null\/null\/null 
28480;Roberta Senagaglia;robertasenagaglia@live.com;null;null\/null\/null 
32085;Assunção Santossens;assunçãosantossens@inbox.com;null;null\/null\/null 
38556;Wallace Martins;wallacemartins@mail.ru;null;null\/null\/null 
38610;Marilu Kuntze;marilukuntze@lockbin.com;null;null\/null\/null 
35084;Adib Reckelberg;adibreckelberg@r7.com;null;null\/null\/null 
28680;Glória Chaves;glóriachaves@live.com;null;null\/null\/null 
25848;Anselmo Preiss;anselmopreiss@yahoo.com;null;null\/null\/null 
28760;Maciel Granemann;macielgranemann@lockbin.com;null;null\/null\/null 
10800;Melissa Harres;melissaharres@ig.com.br;null;null\/null\/null 
46144;Kênia Junklaus;kêniajunklaus@outlook.com;null;null\/null\/null 
34656;Nina Editefernandes;ninaeditefernandes@mail.ru;null;null\/null\/null 
10845;Simone Gesserfilho;simonegesserfilho@mail.aol.com;null;null\/null\/null 
21720;Deidre Wagner;deidrewagner@outlook.com;null;null\/null\/null 
4350;Rosaria Wandresen;rosariawandresen@lockbin.com;null;null\/null\/null 
11616;Iasmim Velasco;iasmimvelasco@lockbin.com;null;null\/null\/null 
3635;Getúlio Viana;getúlioviana@bigstring.com;null;null\/null\/null 
26208;Haroldo Censisens;haroldocensisens@protonmail.com;null;null\/null\/null 
10935;Egle Maciel;eglemaciel@mail.ru;null;null\/null\/null 
5840;Geilsa Goedert;geilsagoedert@terra.com.br;null;null\/null\/null 
3655;Sebastian Ferreira;sebastianferreira@lockbin.com;null;null\/null\/null 
4392;Elen Concer;elenconcer@outlook.com;null;null\/null\/null 
5864;Mateus Veber;mateusveber@inbox.com;null;null\/null\/null 
17616;Rosamaria Outeiro;rosamariaouteiro@bigstring.com;null;null\/null\/null 
22050;Olivier Juttel;olivierjuttel@gmail.com;null;null\/null\/null 
46368;Luciene Popp;lucienepopp@gawab.com;null;null\/null\/null 
2211;Olga Kammer;olgakammer@mail.ru;null;null\/null\/null 
25830;Catarina Galvão;catarinagalvão@protonmail.com;null;null\/null\/null 
2217;Domingos Diasfigueiredo;domingosdiasfigueiredo@mail.yandex.com;null;null\/null\/null 
19980;Iracema Carmo;iracemacarmo@yahoo.com;null;null\/null\/null 
2964;Emanuele Prado;emanueleprado@r7.com;null;null\/null\/null 
46746;Abelardo Cachoeira;abelardocachoeira@protonmail.com;null;null\/null\/null 
26748;Everaldo Amor;everaldoamor@ig.com.br;null;null\/null\/null 
5952;Candida Nottingham;candidanottingham@r7.com;null;null\/null\/null 
1490;Néia Diederich;néiadiederich@bigstring.com;null;null\/null\/null 
20888;Carlos Café;carloscafé@mail.yandex.com;null;null\/null\/null 
3735;Decio Teixeira;decioteixeira@gmail.com;null;null\/null\/null 
20196;Inês Maciel;inêsmaciel@inbox.com;null;null\/null\/null 
15729;Gerson Gasparoto;gersongasparoto@live.com;null;null\/null\/null 
12000;Salvador StÜepp;salvadorstÜepp@mail.ru;null;null\/null\/null 
2253;Else Gesser;elsegesser@terra.com.br;null;null\/null\/null 
48128;Miriam Lazzari;miriamlazzari@bigstring.com;null;null\/null\/null 
40662;Tarcisio TrierweillerjÚnior;tarcisiotrierweillerjÚnior@outlook.com;null;null\/null\/null 
33930;Yose Junqueira;yosejunqueira@lockbin.com;null;null\/null\/null 
1510;Giovana Petry;giovanapetry@mail.yandex.com;null;null\/null\/null 
34020;Simone Raitz;simoneraitz@terra.com.br;null;null\/null\/null 
42392;Wesley Orthmann;wesleyorthmann@mail.yandex.com;null;null\/null\/null 
7580;Martina Krieger;martinakrieger@terra.com.br;null;null\/null\/null 
37191;Rodrigo Pamplona;rodrigopamplona@inbox.com;null;null\/null\/null 
3800;Arminda Jonch;armindajonch@lockbin.com;null;null\/null\/null 
9132;Jacqueline Nichael;jacquelinenichael@live.com;null;null\/null\/null 
6096;Vivaldo Mandel;vivaldomandel@protonmail.com;null;null\/null\/null 
2289;Xênia Fraga;xêniafraga@live.com;null;null\/null\/null 
12224;Marino Meyer;marinomeyer@mail.aol.com;null;null\/null\/null 
18360;Patricia Nadalin;patricianadalin@mail.ru;null;null\/null\/null 
13788;Lucília Meireles;lucíliameireles@ig.com.br;null;null\/null\/null 
10738;Caique Timmler;caiquetimmler@protonmail.com;null;null\/null\/null 
30720;Nicolas Scherer;nicolasscherer@yahoo.com;null;null\/null\/null 
27684;Nicolas Conradi;nicolasconradi@live.com;null;null\/null\/null 
3850;Jasmim Stachinski;jasmimstachinski@gmail.com;null;null\/null\/null 
6168;Rubens Schiraus;rubensschiraus@lockbin.com;null;null\/null\/null 
15440;Zilá Sá;zilásá@gmail.com;null;null\/null\/null 
41742;Suzel Ono;suzelono@hotmail.com;null;null\/null\/null 
6192;Diogo Rosafilho;diogorosafilho@terra.com.br;null;null\/null\/null 
6200;Odherban Alencar;odherbanalencar@live.com;null;null\/null\/null 
9312;Josué Hang;josuéhang@mail.yandex.com;null;null\/null\/null 
27195;Valentina Santos;valentinasantos@r7.com;null;null\/null\/null 
6224;Cleide Barth;cleidebarth@gmail.com;null;null\/null\/null 
14022;Timoteo Marquez;timoteomarquez@outlook.com;null;null\/null\/null 
4680;Assunção Reckelberg;assunçãoreckelberg@zoho.com;null;null\/null\/null 
6248;Ticiana Bittencourt;ticianabittencourt@hotmail.com;null;null\/null\/null 
3128;Orides Huller;orideshuller@inbox.com;null;null\/null\/null 
4698;Liliane Salvador;lilianesalvador@mail.aol.com;null;null\/null\/null 
18816;Washington Ascensão;washingtonascensão@r7.com;null;null\/null\/null 
3925;Célia Jochem;céliajochem@bigstring.com;null;null\/null\/null 
25152;Gaspar Bertoli;gasparbertoli@inbox.com;null;null\/null\/null 
28332;Jade JÖnck;jadejÖnck@bigstring.com;null;null\/null\/null 
21276;Manuela Renken;manuelarenken@lockbin.com;null;null\/null\/null 
21303;Everaldo Braga;everaldobraga@tutanota.com;null;null\/null\/null 
19750;Graziela Krause;grazielakrause@protonmail.com;null;null\/null\/null 
11074;Elide Abueear;elideabueear@gawab.com;null;null\/null\/null 
42768;Alexandra Nazario;alexandranazario@r7.com;null;null\/null\/null 
793;Fabiano Brillinger;fabianobrillinger@mail.yandex.com;null;null\/null\/null 
3970;Cleonice Bonfim;cleonicebonfim@mail.aol.com;null;null\/null\/null 
7155;Clariana PachecojÚnior;clarianapachecojÚnior@r7.com;null;null\/null\/null 
27860;Veralice Rohden;veralicerohden@r7.com;null;null\/null\/null 
38256;Manoel Simões;manoelsimões@mail.aol.com;null;null\/null\/null 
39102;Albertina Budag;albertinabudag@globo.com;null;null\/null\/null 
3995;Murilo Tramontin;murilotramontin@terra.com.br;null;null\/null\/null 
22400;Bruna Balbo Wamser;bruna balbowamser@mail.aol.com;null;null\/null\/null 
4806;Wander Velasques;wandervelasques@outlook.com;null;null\/null\/null 
12030;Keith BrÜggemann;keithbrÜggemann@r7.com;null;null\/null\/null 
12848;Fernanda Wandresen;fernandawandresen@terra.com.br;null;null\/null\/null 
5628;Almir Roling;almirroling@mail.yandex.com;null;null\/null\/null 
36225;Maris Caetano;mariscaetano@r7.com;null;null\/null\/null 
19344;Maira Homem;mairahomem@gawab.com;null;null\/null\/null 
2421;Isis Otto;isisotto@bigstring.com;null;null\/null\/null 
4848;Venceslau Saramago;venceslausaramago@mail.ru;null;null\/null\/null 
58248;Françoise Saraiva;françoisesaraiva@mail.ru;null;null\/null\/null 
7290;Pedrina Bardini;pedrinabardini@globo.com;null;null\/null\/null 
45416;Silverio Gerent;silveriogerent@outlook.com;null;null\/null\/null 
51156;Joana Mesquita;joanamesquita@hotmail.com;null;null\/null\/null 
58536;Elisabeth Seboldsobrinho;elisabethseboldsobrinho@protonmail.com;null;null\/null\/null 
58608;Tarcisio Wiethorn;tarcisiowiethorn@ig.com.br;null;null\/null\/null 
36675;Deusdete Nóbrega;deusdetenóbrega@r7.com;null;null\/null\/null 
1632;Cristian Senem;cristiansenem@globo.com;null;null\/null\/null 
9804;Zeus Bonin;zeusbonin@mail.yandex.com;null;null\/null\/null 
51534;Yole Costa;yolecosta@gawab.com;null;null\/null\/null 
14742;Zelinda Barreto;zelindabarreto@mail.aol.com;null;null\/null\/null 
7380;Sandra Locatelli;sandralocatelli@mail.ru;null;null\/null\/null 
22988;Sharon Morais;sharonmorais@mail.yandex.com;null;null\/null\/null 
9864;Cecília Brillinger;cecíliabrillinger@globo.com;null;null\/null\/null 
4938;Eloisa Haskel;eloisahaskel@outlook.com;null;null\/null\/null 
22248;Umberto Moraes;umbertomoraes@hotmail.com;null;null\/null\/null 
13200;Alzira Schaffer;alziraschaffer@mail.ru;null;null\/null\/null 
6608;Marli AssisjÚnior;marliassisjÚnior@terra.com.br;null;null\/null\/null 
40523;Vanderleia Guimarães;vanderleiaguimarães@mail.yandex.com;null;null\/null\/null 
19872;Suzete Marcolla;suzetemarcolla@inbox.com;null;null\/null\/null 
23212;Ediraldo Unbehaun;ediraldounbehaun@protonmail.com;null;null\/null\/null 
6640;Gardênia Bispo;gardêniabispo@protonmail.com;null;null\/null\/null 
7479;Vivaldo Silvamedeiros;vivaldosilvamedeiros@r7.com;null;null\/null\/null 
59904;Célio Roncelli;célioroncelli@zoho.com;null;null\/null\/null 
37485;Cacilda Pezenti;cacildapezenti@lockbin.com;null;null\/null\/null 
5004;Leda Santos;ledasantos@mail.ru;null;null\/null\/null 
11690;Chris Rode;chrisrode@live.com;null;null\/null\/null 
12540;Maciel Schmitz;macielschmitz@zoho.com;null;null\/null\/null 
41013;Liney Calegari;lineycalegari@bigstring.com;null;null\/null\/null 
20112;Dirceu Gama;dirceugama@zoho.com;null;null\/null\/null 
13424;Rosa Koepsel;rosakoepsel@gmail.com;null;null\/null\/null 
30240;Alvaro Franzener;alvarofranzener@inbox.com;null;null\/null\/null 
12615;Aldo Barth;aldobarth@inbox.com;null;null\/null\/null 
20208;Amin Dalmolin;amindalmolin@hotmail.com;null;null\/null\/null 
25290;Cleuza Celi;cleuzaceli@mail.ru;null;null\/null\/null 
40512;Marieli GonÇalves;marieligonÇalves@mail.yandex.com;null;null\/null\/null 
13520;Ciro Oliva;cirooliva@r7.com;null;null\/null\/null 
4230;Gianfranco Vaz;gianfrancovaz@hotmail.com;null;null\/null\/null 
2541;Cassia Schlupp;cassiaschlupp@gawab.com;null;null\/null\/null 
53424;Carla Brick;carlabrick@r7.com;null;null\/null\/null 
7641;Elida Ribeiro;elidaribeiro@bigstring.com;null;null\/null\/null 
30600;Ludmila Frota;ludmilafrota@zoho.com;null;null\/null\/null 
10212;Germano LÜckmann;germanolÜckmann@hotmail.com;null;null\/null\/null 
23004;Luciano Hering;lucianohering@globo.com;null;null\/null\/null 
20472;Lucio Menino;luciomenino@ig.com.br;null;null\/null\/null 
47824;Ilton Zirchen;iltonzirchen@mail.aol.com;null;null\/null\/null 
27360;Amâncio Brillinger;amânciobrillinger@mail.yandex.com;null;null\/null\/null 
17120;John BrÜggemann;johnbrÜggemann@globo.com;null;null\/null\/null 
5142;Bernadete Bianchini;bernadetebianchini@live.com;null;null\/null\/null 
48048;Vanderley Vargas;vanderleyvargas@yahoo.com;null;null\/null\/null 
54117;Gilson Weiser;gilsonweiser@inbox.com;null;null\/null\/null 
61920;Sabine Luchttenberg;sabineluchttenberg@terra.com.br;null;null\/null\/null 
6888;Evair Ferreirajr.;evairferreirajr.@globo.com;null;null\/null\/null 
23274;Amelia Bohun;ameliabohun@tutanota.com;null;null\/null\/null 
24164;Giulliane Sueliuhlmann;giullianesueliuhlmann@mail.ru;null;null\/null\/null 
8640;Justo Faria;justofaria@hotmail.com;null;null\/null\/null 
46710;Valderez Laudelina;valderezlaudelina@ig.com.br;null;null\/null\/null 
31176;Ed Moier;edmoier@terra.com.br;null;null\/null\/null 
1734;Gianfranco Maioch;gianfrancomaioch@tutanota.com;null;null\/null\/null 
13888;Yanna Butenarowsky;yannabutenarowsky@hotmail.com;null;null\/null\/null 
21725;Cristian Barra;cristianbarra@hotmail.com;null;null\/null\/null 
5220;Leonardo Knabben;leonardoknabben@outlook.com;null;null\/null\/null 
3484;Cristiane Kataoka;cristianekataoka@mail.aol.com;null;null\/null\/null 
13080;Alessio Queiroz;alessioqueiroz@terra.com.br;null;null\/null\/null 
42777;Beverly Espindola;beverlyespindola@bigstring.com;null;null\/null\/null 
48944;Michel Bruder;michelbruder@mail.ru;null;null\/null\/null 
10500;Kenneth Martenthal;kennethmartenthal@mail.aol.com;null;null\/null\/null 
876;Carmelo Leinecker;carmeloleinecker@gmail.com;null;null\/null\/null 
7016;Tricia MÖss;triciamÖss@terra.com.br;null;null\/null\/null 
17560;Sofia Pires;sofiapires@inbox.com;null;null\/null\/null 
8790;Brenda Niquelato;brendaniquelato@ig.com.br;null;null\/null\/null 
13200;Roclides Lohn;roclideslohn@globo.com;null;null\/null\/null 
35240;Brian Onofre;brianonofre@mail.ru;null;null\/null\/null 
42336;Dimas Bertoli;dimasbertoli@zoho.com;null;null\/null\/null 
10596;Ivan Brasiliense;ivanbrasiliense@r7.com;null;null\/null\/null 
31824;Josualdo Schuhmacher;josualdoschuhmacher@yahoo.com;null;null\/null\/null 
3540;Pio Machado;piomachado@r7.com;null;null\/null\/null 
47844;Urania Scherer;uraniascherer@bigstring.com;null;null\/null\/null 
28384;Edwirge Santana;edwirgesantana@mail.ru;null;null\/null\/null 
21312;Salete Zen;saletezen@gmail.com;null;null\/null\/null 
28448;Adélia Sommer;adéliasommer@mail.aol.com;null;null\/null\/null 
37380;Ivone Bayer;ivonebayer@live.com;null;null\/null\/null 
37422;Dafnee Schlemper;dafneeschlemper@mail.ru;null;null\/null\/null 
10704;Alriana Tonett;alrianatonett@protonmail.com;null;null\/null\/null 
18753;Inara CorrÊa;inaracorrÊa@r7.com;null;null\/null\/null 
16092;Arthur Santossilva;arthursantossilva@globo.com;null;null\/null\/null 
43855;Olinda Stolf;olindastolf@outlook.com;null;null\/null\/null 
48384;Celso Michels;celsomichels@mail.yandex.com;null;null\/null\/null 
32292;Fátima Just;fátimajust@mail.yandex.com;null;null\/null\/null 
6286;Linda Mess;lindamess@globo.com;null;null\/null\/null 
8091;Roque Pacheco;roquepacheco@lockbin.com;null;null\/null\/null 
13500;Marilda Paulino;marildapaulino@gawab.com;null;null\/null\/null 
10812;Wilson Bombilio;wilsonbombilio@protonmail.com;null;null\/null\/null 
3608;Ciro Borges;ciroborges@r7.com;null;null\/null\/null 
2709;Kenneth Bessa;kennethbessa@terra.com.br;null;null\/null\/null 
18080;Fátima Homem;fátimahomem@lockbin.com;null;null\/null\/null 
57920;Abel Brasiliense;abelbrasiliense@mail.ru;null;null\/null\/null 
7248;Edwirge Figueiredo;edwirgefigueiredo@gmail.com;null;null\/null\/null 
57141;Michel Pacheco;michelpacheco@mail.aol.com;null;null\/null\/null 
7264;Mariana Schiestl;marianaschiestl@outlook.com;null;null\/null\/null 
40905;Pedrina Koehler;pedrinakoehler@gawab.com;null;null\/null\/null 
73710;Abdala Fragas;abdalafragas@bigstring.com;null;null\/null\/null 
57393;Shirley Martinelli;shirleymartinelli@bigstring.com;null;null\/null\/null 
57456;Lourival SilvÉrio;lourivalsilvÉrio@inbox.com;null;null\/null\/null 
57519;Iris Ascensão;irisascensão@protonmail.com;null;null\/null\/null 
12796;Adolfo Truppel;adolfotruppel@lockbin.com;null;null\/null\/null 
65880;Paola NienkÖtter;paolanienkÖtter@mail.aol.com;null;null\/null\/null 
3664;Aarão Santaritta;aarãosantaritta@mail.aol.com;null;null\/null\/null 
7336;Zélio Delajustina;zéliodelajustina@mail.yandex.com;null;null\/null\/null 
4590;Xaquira SchÜtz;xaquiraschÜtz@inbox.com;null;null\/null\/null 
33084;Plinio Schlupp;plinioschlupp@gawab.com;null;null\/null\/null 
57960;Janete Kavaco;janetekavaco@tutanota.com;null;null\/null\/null 
58944;Aelington Felippus;aelingtonfelippus@inbox.com;null;null\/null\/null 
1844;Isaac Ferraz;isaacferraz@gmail.com;null;null\/null\/null 
23075;João Grahlfilho;joãograhlfilho@tutanota.com;null;null\/null\/null 
44352;Marilda Üntemberg;marildaÜntemberg@globo.com;null;null\/null\/null 
7400;Catarina Bertoli;catarinabertoli@live.com;null;null\/null\/null 
8334;Decio Wamser;deciowamser@gmail.com;null;null\/null\/null 
37080;Sheila Henriques;sheilahenriques@terra.com.br;null;null\/null\/null 
11136;Célia Castilho;céliacastilho@hotmail.com;null;null\/null\/null 
16722;Janey Leal;janeyleal@tutanota.com;null;null\/null\/null 
13950;Welson GesserjÚnior;welsongesserjÚnior@tutanota.com;null;null\/null\/null 
45619;Evangelina Merten;evangelinamerten@mail.yandex.com;null;null\/null\/null 
67104;Everaldo Manarchi;everaldomanarchi@protonmail.com;null;null\/null\/null 
29856;Irene Camões;irenecamões@yahoo.com;null;null\/null\/null 
7472;Ricardo Hernandes;ricardohernandes@terra.com.br;null;null\/null\/null 
11220;Aluisio Outeiro;aluisioouteiro@mail.yandex.com;null;null\/null\/null 
45864;Aldo Kallfelz;aldokallfelz@globo.com;null;null\/null\/null 
75897;Henri Santaritta;henrisantaritta@lockbin.com;null;null\/null\/null 
26264;Nivaldo Biankm;nivaldobiankm@mail.aol.com;null;null\/null\/null 
9390;Nayara Kaspers;nayarakaspers@lockbin.com;null;null\/null\/null 
22560;Ninke Cachoeira;ninkecachoeira@bigstring.com;null;null\/null\/null 
19761;Umberto Azevedo;umbertoazevedo@outlook.com;null;null\/null\/null 
59346;Natanael Cristofolini;natanaelcristofolini@mail.yandex.com;null;null\/null\/null 
14145;Omar Valzack;omarvalzack@mail.ru;null;null\/null\/null 
2832;Nivia Fragas;niviafragas@bigstring.com;null;null\/null\/null 
945;Charlote Rangel;charloterangel@lockbin.com;null;null\/null\/null 
11352;Apolo Felber;apolofelber@ig.com.br;null;null\/null\/null 
30304;Andressa Gesserfilho;andressagesserfilho@tutanota.com;null;null\/null\/null 
18960;Alcione Figo;alcionefigo@r7.com;null;null\/null\/null 
7592;Valderez Foss;valderezfoss@inbox.com;null;null\/null\/null 
6650;Narciso ChagasjÚnior;narcisochagasjÚnior@live.com;null;null\/null\/null 
19971;Marlene Stolf;marlenestolf@yahoo.com;null;null\/null\/null 
3808;Carmem Marcilio;carmemmarcilio@yahoo.com;null;null\/null\/null 
7624;Wald Antunes;waldantunes@gmail.com;null;null\/null\/null 
77274;Wanda Adriana;wandaadriana@tutanota.com;null;null\/null\/null 
28650;Valdir Marcilio;valdirmarcilio@zoho.com;null;null\/null\/null 
34416;Paulo Francener;paulofrancener@protonmail.com;null;null\/null\/null 
15312;Dalva Nogara;dalvanogara@terra.com.br;null;null\/null\/null 
3832;Berenice Bugmann;berenicebugmann@hotmail.com;null;null\/null\/null 
51786;Sebastian Portugal;sebastianportugal@mail.aol.com;null;null\/null\/null 
5760;Brigida Pezenti;brigidapezenti@r7.com;null;null\/null\/null 
23064;Cecile Luz;cecileluz@yahoo.com;null;null\/null\/null 
26936;Bartira Scherer;bartirascherer@mail.yandex.com;null;null\/null\/null 
2889;Anselmo Moraes;anselmomoraes@gawab.com;null;null\/null\/null 
8676;Thauany Hoeller;thauanyhoeller@mail.yandex.com;null;null\/null\/null 
54040;Guilhermino Fernandes;guilherminofernandes@inbox.com;null;null\/null\/null 
26082;Giacomo Ellard;giacomoellard@mail.yandex.com;null;null\/null\/null 
14505;Lauro Lima;laurolima@bigstring.com;null;null\/null\/null 
7744;Iris Silvafilho;irissilvafilho@tutanota.com;null;null\/null\/null 
62016;Lara Gusmão;laragusmão@hotmail.com;null;null\/null\/null 
1940;LukeMabel Pais;lukemabelpais@ig.com.br;null;null\/null\/null 
43695;Gilberto May;gilbertomay@r7.com;null;null\/null\/null 
15552;Yago Kopich;yagokopich@terra.com.br;null;null\/null\/null 
13622;Yasson Zoccante;yassonzoccante@globo.com;null;null\/null\/null 
54544;Brad Franciozi;bradfranciozi@gawab.com;null;null\/null\/null 
17550;Yasmin Aguiar;yasminaguiar@tutanota.com;null;null\/null\/null 
61488;Ayram Cava;ayramcava@lockbin.com;null;null\/null\/null 
3908;Rossandra Belarmino;rossandrabelarmino@mail.aol.com;null;null\/null\/null 
79218;Pierluigi Borba;pierluigiborba@protonmail.com;null;null\/null\/null 
70488;Rebeca Pezenti;rebecapezenti@gmail.com;null;null\/null\/null 
20580;Vasco Pensamento;vascopensamento@terra.com.br;null;null\/null\/null 
31392;Bruce Eli;bruceeli@tutanota.com;null;null\/null\/null 
1964;Betânia Gauloski;betâniagauloski@protonmail.com;null;null\/null\/null 
35388;Benjamin Massa;benjaminmassa@gawab.com;null;null\/null\/null 
11808;Vinicius Kipfer;viniciuskipfer@zoho.com;null;null\/null\/null 
19700;Lurdes Schappo;lurdesschappo@protonmail.com;null;null\/null\/null 
3944;Jefferson Buzzi;jeffersonbuzzi@bigstring.com;null;null\/null\/null 
11844;Raimundo Dubiela;raimundodubiela@mail.yandex.com;null;null\/null\/null 
11856;Lorenzo Juppa;lorenzojuppa@inbox.com;null;null\/null\/null 
8901;Jaqueline Ferretti;jaquelineferretti@inbox.com;null;null\/null\/null 
71280;Aarão Ribeiro;aarãoribeiro@r7.com;null;null\/null\/null 
39640;Aarão Bohne;aarãobohne@mail.ru;null;null\/null\/null 
3968;Salete Perardt;saleteperardt@hotmail.com;null;null\/null\/null 
2979;Kennedy Sueli;kennedysueli@protonmail.com;null;null\/null\/null 
11928;Margarete Ravanelli;margareteravanelli@outlook.com;null;null\/null\/null 
55720;Ozias Widemann;oziaswidemann@hotmail.com;null;null\/null\/null 
17928;Eugenio Fonseca;eugeniofonseca@hotmail.com;null;null\/null\/null 
11964;Glaucia Benckeoubenk;glauciabenckeoubenk@live.com;null;null\/null\/null 
71856;Andrew Pasquim;andrewpasquim@live.com;null;null\/null\/null 
999;Mariana Camprestini;marianacamprestini@gmail.com;null;null\/null\/null 
35000;Brenda Maennchen;brendamaennchen@bigstring.com;null;null\/null\/null 
